{
  "trial_id": 4,
  "params": {
    "depth_multiple": 0.67,
    "width_multiple": 0.75,
    "img_size": 448,
    "kernel_size": 5,
    "optimizer": "Adam",
    "lr0": 0.001,
    "lrf": 0.1,
    "momentum": 0.8,
    "weight_decay": 0.0005,
    "warmup_epochs": 5.0,
    "augment": false,
    "mosaic": 0.0,
    "model_type": "yolov8n"
  },
  "metrics": {
    "map50": 0.8657335182237417,
    "map50_95": 0.6245506051670292,
    "precision": 0.8571879358975091,
    "recall": 0.7947224127937497,
    "training_time_hours": 0.6546207398838467,
    "model_size_mb": 5.925448417663574,
    "fps": 81.56239985314387,
    "inference_time_ms": 12.260551452636719,
    "combined_score": 1.0573869078911338
  }
}