[
  {
    "trial_id": 0,
    "params": {
      "depth_multiple": 0.33,
      "width_multiple": 0.5,
      "img_size": 448,
      "kernel_size": 1,
      "optimizer": "Adam",
      "lr0": 0.02,
      "lrf": 0.01,
      "momentum": 0.9,
      "weight_decay": 0.0001,
      "warmup_epochs": 5.0,
      "augment": false,
      "mosaic": 0.5,
      "model_type": "yolov8s"
    }
  },
  {
    "trial_id": 1,
    "params": {
      "depth_multiple": 0.67,
      "width_multiple": 0.25,
      "img_size": 320,
      "kernel_size": 3,
      "optimizer": "SGD",
      "lr0": 0.02,
      "lrf": 0.01,
      "momentum": 0.95,
      "weight_decay": 0.001,
      "warmup_epochs": 1.0,
      "augment": false,
      "mosaic": 0.0,
      "model_type": "yolov8s"
    }
  },
  {
    "trial_id": 2,
    "params": {
      "depth_multiple": 0.5,
      "width_multiple": 0.25,
      "img_size": 640,
      "kernel_size": 7,
      "optimizer": "AdamW",
      "lr0": 0.001,
      "lrf": 0.1,
      "momentum": 0.9,
      "weight_decay": 0.001,
      "warmup_epochs": 3.0,
      "augment": true,
      "mosaic": 0.5,
      "model_type": "yolov8s"
    }
  },
  {
    "trial_id": 3,
    "params": {
      "depth_multiple": 1.0,
      "width_multiple": 1.0,
      "img_size": 640,
      "kernel_size": 5,
      "optimizer": "SGD",
      "lr0": 0.02,
      "lrf": 0.01,
      "momentum": 0.9,
      "weight_decay": 0.0005,
      "warmup_epochs": 1.0,
      "augment": false,
      "mosaic": 1.0,
      "model_type": "yolov8n"
    }
  },
  {
    "trial_id": 4,
    "params": {
      "depth_multiple": 0.67,
      "width_multiple": 0.75,
      "img_size": 448,
      "kernel_size": 5,
      "optimizer": "Adam",
      "lr0": 0.001,
      "lrf": 0.1,
      "momentum": 0.8,
      "weight_decay": 0.0005,
      "warmup_epochs": 5.0,
      "augment": false,
      "mosaic": 0.0,
      "model_type": "yolov8n"
    }
  },
  {
    "trial_id": 5,
    "params": {
      "depth_multiple": 0.33,
      "width_multiple": 0.75,
      "img_size": 448,
      "kernel_size": 1,
      "optimizer": "AdamW",
      "lr0": 0.001,
      "lrf": 0.1,
      "momentum": 0.9,
      "weight_decay": 0.0001,
      "warmup_epochs": 3.0,
      "augment": true,
      "mosaic": 0.5,
      "model_type": "yolov8n"
    }
  },
  {
    "trial_id": 6,
    "params": {
      "depth_multiple": 0.5,
      "width_multiple": 1.0,
      "img_size": 320,
      "kernel_size": 3,
      "optimizer": "AdamW",
      "lr0": 0.02,
      "lrf": 0.1,
      "momentum": 0.95,
      "weight_decay": 0.0005,
      "warmup_epochs": 5.0,
      "augment": true,
      "mosaic": 0.0,
      "model_type": "yolov8n"
    }
  },
  {
    "trial_id": 7,
    "params": {
      "depth_multiple": 0.33,
      "width_multiple": 0.5,
      "img_size": 320,
      "kernel_size": 5,
      "optimizer": "Adam",
      "lr0": 0.001,
      "lrf": 0.01,
      "momentum": 0.8,
      "weight_decay": 0.0005,
      "warmup_epochs": 5.0,
      "augment": true,
      "mosaic": 0.0,
      "model_type": "yolov8s"
    }
  },
  {
    "trial_id": 8,
    "params": {
      "depth_multiple": 0.67,
      "width_multiple": 0.75,
      "img_size": 320,
      "kernel_size": 7,
      "optimizer": "Adam",
      "lr0": 0.01,
      "lrf": 0.1,
      "momentum": 0.99,
      "weight_decay": 0.001,
      "warmup_epochs": 3.0,
      "augment": false,
      "mosaic": 0.0,
      "model_type": "yolov8s"
    }
  },
  {
    "trial_id": 9,
    "params": {
      "depth_multiple": 0.5,
      "width_multiple": 0.5,
      "img_size": 640,
      "kernel_size": 5,
      "optimizer": "SGD",
      "lr0": 0.001,
      "lrf": 0.01,
      "momentum": 0.8,
      "weight_decay": 0.001,
      "warmup_epochs": 1.0,
      "augment": false,
      "mosaic": 0.5,
      "model_type": "yolov8n"
    }
  }
]